EZCRCPTO;flag{SiSHYOUaLlEasANTfOUrNEywETHerail}
FTJQUESHSFS;erth{AtTOKIEmUrHusHIScLImINgjOBIndurt}
EZCGCPTO;flar{SiSHYOUlLlEasANEfOUrNEyhETHeraiw}
FTJQUESHSFD;erth{AtTOKITmUrHusHIScAImINgjOBInsurt}
EZCKCPTO;flan{SiSHYOUhLlEasANAfOUrNEydETHerais}
FTJQUESHSZR;erth{AtTOKOFmUrHusHISiMImINgjOBIteurt}
EZCZTPTO;flay{BiSHYOUsUlEasANLoOUrNEyoNTHeraid}
FTJQUESHSAS;erth{AtTOKNEmUrHusHIShLImINgjOBIsdurt}
FTJQUESHSHS;erth{AtTOKGEmUrHusHISaLImINgjOBIldurt}
FTJQUESHSZK;erth{AtTOKOMmUrHusHISiTImINgjOBItlurt}
EZCZNPTO;flay{HiSHYOUsAlEasANLuOUrNEyoTTHeraid}
EZCKFPTO;flan{PiSHYOUhIlEasANAcOUrNEydBTHerais}
EZCRGPTO;flag{OiSHYOUaHlEasANTbOUrNEywATHerail}
FTJQUESHSFM;erth{AtTOKIKmUrHusHIScRImINgjOBInjurt}
FTJQUESHSFJ;erth{AtTOKINmUrHusHIScUImINgjOBInmurt}
FTJQUESHSPS;erth{AtTOKYEmUrHusHISsLImINgjOBIddurt}
FTJQUESHSFW;erth{AtTOKIAmUrHusHIScHImINgjOBInzurt}
FTJQUESHSZD;erth{AtTOKOTmUrHusHISiAImINgjOBItsurt}
FTJQUESHSHK;erth{AtTOKGMmUrHusHISaTImINgjOBIllurt}
FTJQUESHSAD;erth{AtTOKNTmUrHusHIShAImINgjOBIssurt}
FTJQUESHYAD;erth{AtTOENTmUrHusHIMhAImINgjOBCssurt}
FTJQUESHSFK;erth{AtTOKIMmUrHusHIScTImINgjOBInlurt}
FTJQUESHSZS;erth{AtTOKOEmUrHusHISiLImINgjOBItdurt}
FTJQUESHSZQ;erth{AtTOKOGmUrHusHISiNImINgjOBItfurt}
EZCRCPTS;flag{SiSDYOUaLlEwsANTfOUnNEywETHarail}
FTJQUESHSFP;erth{AtTOKIHmUrHusHIScOImINgjOBIngurt}
FTJQUESHSZL;erth{AtTOKOLmUrHusHISiSImINgjOBItkurt}
FTJQUESHSFR;erth{AtTOKIFmUrHusHIScMImINgjOBIneurt}
EZCRCPZO;flag{SiMHYOUaLlYasANTfOOrNEywETBerail}
FTJQUESHSFL;erth{AtTOKILmUrHusHIScSImINgjOBInkurt}
FTJQUESHSAO;erth{AtTOKNImUrHusHIShPImINgjOBIshurt}
FTJQUESHSAI;erth{AtTOKNOmUrHusHIShVImINgjOBIsnurt}
FTJQUESHXPS;erth{AtTOFYEmUrHusHINsLImINgjOBDddurt}
FTJQUESHSPD;erth{AtTOKYTmUrHusHISsAImINgjOBIdsurt}
FTJQUESHSAW;erth{AtTOKNAmUrHusHIShHImINgjOBIszurt}
FTJQUESHSZM;erth{AtTOKOKmUrHusHISiRImINgjOBItjurt}
FTJQUESHSPK;erth{AtTOKYMmUrHusHISsTImINgjOBIdlurt}
EZCRCPTR;flag{SiSEYOUaLlExsANTfOUoNEywETHbrail}
FTJQUESHSZJ;erth{AtTOKONmUrHusHISiUImINgjOBItmurt}
FTJQUESHSZO;erth{AtTOKOImUrHusHISiPImINgjOBIthurt}
FTJQUESHSPW;erth{AtTOKYAmUrHusHISsHImINgjOBIdzurt}
FTJQUESHSAQ;erth{AtTOKNGmUrHusHIShNImINgjOBIsfurt}
FTJQUESHSHQ;erth{AtTOKGGmUrHusHISaNImINgjOBIlfurt}
FTJQUESHXAD;erth{AtTOFNTmUrHusHINhAImINgjOBDssurt}
FTJQUESHSHR;erth{AtTOKGFmUrHusHISaMImINgjOBIleurt}
FTJQUESHSHW;erth{AtTOKGAmUrHusHISaHImINgjOBIlzurt}
BSOPHXZDO;isoi{NaMSOMEdYtAptLOStOGiSAmmOULlyaho}
FTJQUESHSPO;erth{AtTOKYImUrHusHISsPImINgjOBIdhurt}
FTJQUESHYAS;erth{AtTOENEmUrHusHIMhLImINgjOBCsdurt}
EZCRCPWO;flag{SiPHYOUaLlBasANTfORrNEywETEerail}
FTJQUESHXAS;erth{AtTOFNEmUrHusHINhLImINgjOBDsdurt}
FTJQUESHSZA;erth{AtTOKOWmUrHusHISiDImINgjOBItvurt}
FTJQUESHSAK;erth{AtTOKNMmUrHusHIShTImINgjOBIslurt}
FTJQUESHSAM;erth{AtTOKNKmUrHusHIShRImINgjOBIsjurt}
FTJQUESHSHO;erth{AtTOKGImUrHusHISaPImINgjOBIlhurt}
VSOJAMDDI;osoo{UlISUSEdEaLltRUStUNtOAssOURsjwhu}
FTJQUESHSFF;erth{AtTOKIRmUrHusHIScYImINgjOBInqurt}
FTJQUESHSZP;erth{AtTOKOHmUrHusHISiOImINgjOBItgurt}
VSOJAMDIW;osoo{UlINGSEdEaLloDUStUNtOVesOURsjwcg}
FTJQUESHSZI;erth{AtTOKOOmUrHusHISiVImINgjOBItnurt}
FTJQUESHSHI;erth{AtTOKGOmUrHusHISaVImINgjOBIlnurt}
BSOPHXZVL;isoi{NaMARMEdYtApbOOStOGiSIpmOULlyapr}
FTJQUESHSFV;erth{AtTOKIBmUrHusHIScIImINgjOBInaurt}
FTJQUESHSFQ;erth{AtTOKIGmUrHusHIScNImINgjOBInfurt}
EZCRCPTQ;flag{SiSFYOUaLlEysANTfOUpNEywETHcrail}
VSOJAMDRL;osoo{UlIERSEdEaLlfOUStUNtOMpsOURsjwtr}
FTJQUESHSJS;erth{AtTOKEEmUrHusHISyLImINgjOBIjdurt}
FTJQUESHSPR;erth{AtTOKYFmUrHusHISsMImINgjOBIdeurt}
EZCRCPTU;flag{SiSBYOUaLlEusANTfOUlNEywETHyrail}
LSOJAEDDY;ysoo{UtISECEdEaTltBEStUNbOAccOURsrwhe}
FTJQUESHSHL;erth{AtTOKGLmUrHusHISaSImINgjOBIlkurt}
FTJQUESHSPP;erth{AtTOKYHmUrHusHISsOImINgjOBIdgurt}
FTJQUESHXPD;erth{AtTOFYTmUrHusHINsAImINgjOBDdsurt}
BSOPHXDDO;isoi{NaISOMEdYtAltLOStOGiOAmmOULlywho}
EZCGCPTS;flar{SiSDYOUlLlEwsANEfOUnNEyhETHaraiw}
BSOPHXZRL;isoi{NaMERMEdYtApfOOStOGiSMpmOULlyatr}
FTJQUESHXPW;erth{AtTOFYAmUrHusHINsHImINgjOBDdzurt}
EZCRCPTV;flag{SiSAYOUaLlEtsANTfOUkNEywETHxrail}
FTJQUESHSJD;erth{AtTOKETmUrHusHISyAImINgjOBIjsurt}
FTJQUESHSAV;erth{AtTOKNBmUrHusHIShIImINgjOBIsaurt}
FTJQUESHSHF;erth{AtTOKGRmUrHusHISaYImINgjOBIlqurt}
FTJQUESHSFO;erth{AtTOKIImUrHusHIScPImINgjOBInhurt}
FTJQUESHSZF;erth{AtTOKORmUrHusHISiYImINgjOBItqurt}
EZCRCPWK;flag{SiPLYOUaLlBesANTfORvNEywETEirail}
FTJQUESHSZV;erth{AtTOKOBmUrHusHISiIImINgjOBItaurt}
EZCRCPTD;flag{SiSSYOUaLlElsANTfOUcNEywETHprail}
FTJQUESHSAR;erth{AtTOKNFmUrHusHIShMImINgjOBIseurt}
FTJQUESHSPL;erth{AtTOKYLmUrHusHISsSImINgjOBIdkurt}
FTJQUESHSZW;erth{AtTOKOAmUrHusHISiHImINgjOBItzurt}
EZCRCPZU;flag{SiMBYOUaLlYusANTfOOlNEywETByrail}
FTJQUESHSPI;erth{AtTOKYOmUrHusHISsVImINgjOBIdnurt}
FTJQUESHSPJ;erth{AtTOKYNmUrHusHISsUImINgjOBIdmurt}
FTJQUESHSPQ;erth{AtTOKYGmUrHusHISsNImINgjOBIdfurt}
NCPPOJGXGGS;wini{GoFYWHEeLlIanTSEbLAdCOmeALUmdmin}
FTJQUESHSAP;erth{AtTOKNHmUrHusHIShOImINgjOBIsgurt}
LSOPHRXSI;ysoi{NgODUCEdYtGreREStOGoULscOULlecsu}
FTJQUESHSHD;erth{AtTOKGTmUrHusHISaAImINgjOBIlsurt}
EZCRCPTX;flag{SiSYYOUaLlErsANTfOUiNEywETHvrail}
FTJQUESHXPO;erth{AtTOFYImUrHusHINsPImINgjOBDdhurt}
FTJQUESHSAL;erth{AtTOKNLmUrHusHIShSImINgjOBIskurt}
